Workbook

Sheet ticket
A1: ticket_id | B1: created_at | C1: closed_at | D1: outlet_id | E1: cms_id | F1: same_day | G1: same_hour
A2: isu-sjd-457 | B2: 44427.698 | C2: 44430.523 | D2: wrqy-juv-978 | E2: vew-iuvd-12 | F2: =IF(INT(B2)=INT(C2), 1, 0) -> 0 | G2: =IF(AND(INT(B2)=INT(C2), HOUR(B2)=HOUR(C2)), 1, 0) -> 0
A3: qer-fal-092 | B3: 44429.465 | C3: 44429.718 | D3: 8woh-k3u-23b | E3: vew-iuvd-13 | F3: =IF(INT(B3)=INT(C3), 1, 0) -> 1 | G3: =IF(AND(INT(B3)=INT(C3), HOUR(B3)=HOUR(C3)), 1, 0) -> 0
A4: tkt-101 | B4: 44501.427 | C4: 44501.448 | D4: wrqy-juv-978 | E4: vew-iuvd-14 | F4: =IF(INT(B4)=INT(C4), 1, 0) -> 1 | G4: =IF(AND(INT(B4)=INT(C4), HOUR(B4)=HOUR(C4)), 1, 0) -> 1
A5: tkt-102 | B5: 44501.597 | C5: 44501.622 | D5: 8woh-k3u-23b | E5: vew-iuvd-15 | F5: =IF(INT(B5)=INT(C5), 1, 0) -> 1 | G5: =IF(AND(INT(B5)=INT(C5), HOUR(B5)=HOUR(C5)), 1, 0) -> 1
A6: tkt-103 | B6: 44502.375 | C6: 44502.75 | D6: wrqy-juv-978 | E6: vew-iuvd-16 | F6: =IF(INT(B6)=INT(C6), 1, 0) -> 1 | G6: =IF(AND(INT(B6)=INT(C6), HOUR(B6)=HOUR(C6)), 1, 0) -> 0
A7: tkt-104 | B7: 44503.479 | C7: 44504.479 | D7: 8woh-k3u-23b | E7: vew-iuvd-17 | F7: =IF(INT(B7)=INT(C7), 1, 0) -> 0 | G7: =IF(AND(INT(B7)=INT(C7), HOUR(B7)=HOUR(C7)), 1, 0) -> 0
A8: tkt-105 | B8: 44504.67 | C8: 44504.681 | D8: wrqy-juv-978 | E8: vew-iuvd-18 | F8: =IF(INT(B8)=INT(C8), 1, 0) -> 1 | G8: =IF(AND(INT(B8)=INT(C8), HOUR(B8)=HOUR(C8)), 1, 0) -> 1
A9: tkt-106 | B9: 44505.365 | C9: 44505.374 | D9: 8woh-k3u-23b | E9: vew-iuvd-19 | F9: =IF(INT(B9)=INT(C9), 1, 0) -> 1 | G9: =IF(AND(INT(B9)=INT(C9), HOUR(B9)=HOUR(C9)), 1, 0) -> 1
A10: tkt-107 | B10: 44506.5 | C10: 44507.542 | D10: wrqy-juv-978 | E10: vew-iuvd-20 | F10: =IF(INT(B10)=INT(C10), 1, 0) -> 0 | G10: =IF(AND(INT(B10)=INT(C10), HOUR(B10)=HOUR(C10)), 1, 0) -> 0
A11: tkt-108 | B11: 44507.632 | C11: 44507.653 | D11: 8woh-k3u-23b | E11: vew-iuvd-21 | F11: =IF(INT(B11)=INT(C11), 1, 0) -> 1 | G11: =IF(AND(INT(B11)=INT(C11), HOUR(B11)=HOUR(C11)), 1, 0) -> 1
A12: tkt-109 | B12: 44508.417 | C12: 44508.667 | D12: wrqy-juv-978 | E12: vew-iuvd-22 | F12: =IF(INT(B12)=INT(C12), 1, 0) -> 1 | G12: =IF(AND(INT(B12)=INT(C12), HOUR(B12)=HOUR(C12)), 1, 0) -> 0
A13: tkt-110 | B13: 44509.729 | C13: 44509.74 | D13: 8woh-k3u-23b | E13: vew-iuvd-23 | F13: =IF(INT(B13)=INT(C13), 1, 0) -> 1 | G13: =IF(AND(INT(B13)=INT(C13), HOUR(B13)=HOUR(C13)), 1, 0) -> 1

Sheet count
A3: Row Labels | B3: Sum of same_day | C3: Sum of same_hour
A4: 8woh-k3u-23b | B4: 5 | C4: 4
A5: wrqy-juv-978 | B5: 4 | C5: 2
A6: Grand Total | B6: 9 | C6: 6

Sheet feedbacks
A1: cms_id | B1: feedback_at | C1: feedback_rating | D1: ticket_created_at
A2: vew-iuvd-12 | B2: 44429.56 | C2: 3 | D2: =_xlfn.XLOOKUP(A2,ticket!E:E,ticket!B:B,"Ticket not found") -> 44427.698
A3: vew-iuvd-13 | B3: 44430.417 | C3: 4 | D3: =_xlfn.XLOOKUP(A3,ticket!E:E,ticket!B:B,"Ticket not found") -> 44429.465
A4: vew-iuvd-14 | B4: 44501.458 | C4: 5 | D4: =_xlfn.XLOOKUP(A4,ticket!E:E,ticket!B:B,"Ticket not found") -> 44501.427
A5: vew-iuvd-15 | B5: 44501.667 | C5: 2 | D5: =_xlfn.XLOOKUP(A5,ticket!E:E,ticket!B:B,"Ticket not found") -> 44501.597
A6: vew-iuvd-16 | B6: 44502.792 | C6: 4 | D6: =_xlfn.XLOOKUP(A6,ticket!E:E,ticket!B:B,"Ticket not found") -> 44502.375
A7: vew-iuvd-17 | B7: 44505.417 | C7: 3 | D7: =_xlfn.XLOOKUP(A7,ticket!E:E,ticket!B:B,"Ticket not found") -> 44503.479
A8: vew-iuvd-18 | B8: 44504.708 | C8: 5 | D8: =_xlfn.XLOOKUP(A8,ticket!E:E,ticket!B:B,"Ticket not found") -> 44504.67
A9: vew-iuvd-19 | B9: 44505.396 | C9: 1 | D9: =_xlfn.XLOOKUP(A9,ticket!E:E,ticket!B:B,"Ticket not found") -> 44505.365
A10: vew-iuvd-20 | B10: 44508.583 | C10: 4 | D10: =_xlfn.XLOOKUP(A10,ticket!E:E,ticket!B:B,"Ticket not found") -> 44506.5
A11: vew-iuvd-21 | B11: 44507.688 | C11: 3 | D11: =_xlfn.XLOOKUP(A11,ticket!E:E,ticket!B:B,"Ticket not found") -> 44507.632
A12: vew-iuvd-22 | B12: 44508.75 | C12: 2 | D12: =_xlfn.XLOOKUP(A12,ticket!E:E,ticket!B:B,"Ticket not found") -> 44508.417
A13: vew-iuvd-23 | B13: 44509.771 | C13: 5 | D13: =_xlfn.XLOOKUP(A13,ticket!E:E,ticket!B:B,"Ticket not found") -> 44509.729
